panel,site,age,lat,temp,salinity,rugosity,richness,sh_diversity,rugosity_raw,rug1,rug2,age_factor,logrug,ar_bryo,col_asc,sol_asc,sabellids,sponge,open_space,total_cover,ocean,temp_mean,sal_mean,estimate,total_richness
2021_CAN-BCQ_30d_01,BCQ,30,50.1,19.25,33,0.995118756,5,0.6365142,0.995118756,1.0049051874166464,0.004881244000000007,30,-5.322355173570374,0,0,0,0,0,97,3,Pacific,16.91,33,0.8793650793650793,16
2021_CAN-BCQ_30d_02,BCQ,30,50.1,19.25,33,0.997507954,3,0.9502705,0.997507954,1.0024982718082667,0.00249204599999997,30,-5.994651219158288,0,1,0,0,0,95,5,Pacific,16.91,33,0.8793650793650793,16
2021_CAN-BCQ_30d_03,BCQ,30,50.1,19.25,33,0.951295303,6,1.4884288,0.951295303,1.051198294416471,0.04870469700000002,30,-3.0219798059057634,0,5,0,0,0,82,18,Pacific,16.91,33,0.8793650793650793,16
2021_CAN-BCQ_30d_04,BCQ,30,50.1,19.25,33,0.991117007,5,1.0053874,0.991117007,1.008962607782191,0.00888299299999995,30,-4.723616729216954,0,0,0,0,0,83,17,Pacific,16.91,33,0.8793650793650793,16
2021_CAN-BCQ_30d_05,BCQ,30,50.1,19.25,33,0.996327219,2,0,0.996327219,1.0036863200462258,0.003672781000000014,30,-5.606806138207527,0,0,0,0,0,94,6,Pacific,16.91,33,0.8793650793650793,16
2021_CAN-BCQ_30d_06,BCQ,30,50.1,19.25,33,0.991168076,5,0.8369882,0.991168076,1.0089106219357291,0.008831923999999991,30,-4.729382394556886,0,0,0,0,0,88,12,Pacific,16.91,33,0.8793650793650793,16
2021_CAN-BCQ_60d_07,BCQ,60,50.1,16.44,33,0.99248282,7,0.7963116,0.99248282,1.0075741159932623,0.007517180000000012,60,-4.89056421135047,0,0,0,0,0,93,7,Pacific,16.91,33,0.8793650793650793,16
2021_CAN-BCQ_60d_08,BCQ,60,50.1,16.44,33,0.987657248,9,1.4438082,0.987657248,1.0124969993638926,0.012342752000000012,60,-4.39468627078224,0,19,0,0,0,56.00000000000001,43.99999999999999,Pacific,16.91,33,0.8793650793650793,16
2021_CAN-BCQ_60d_09,BCQ,60,50.1,16.44,33,0.966633162,11,1.0244508,0.966633162,1.0345186150358867,0.033366837999999954,60,-3.4001927464771216,0,25,0,0,0,62,38,Pacific,16.91,33,0.8793650793650793,16
2021_CAN-BCQ_60d_10,BCQ,60,50.1,16.44,33,0.96736835,7,1.7368743,0.96736835,1.033732393663696,0.03263165000000001,60,-3.4224726026924555,0,30,0,0,0,34,66,Pacific,16.91,33,0.8793650793650793,16
2021_CAN-BCQ_60d_11,BCQ,60,50.1,16.44,33,0.959058513,11,1.4274817,0.959058513,1.0426892483044985,0.040941487,60,-3.195611377962583,0,23,0,0,0,34,66,Pacific,16.91,33,0.8793650793650793,16
2021_CAN-BCQ_60d_12,BCQ,60,50.1,16.44,33,0.996093809,6,0.8486856,0.996093809,1.003921509163802,0.0039061910000000033,60,-5.545192548593628,0,7,0,0,0,91,9,Pacific,16.91,33,0.8793650793650793,16
2021_CAN-BCQ_90d_13,BCQ,90,50.1,15.04,33,0.971857507,7,0.9009051,0.971857507,1.0289574271920503,0.028142493000000046,90,-3.5704746384694652,0,67,0,0,0,12,88,Pacific,16.91,33,0.8793650793650793,16
2021_CAN-BCQ_90d_14,BCQ,90,50.1,15.04,33,0.956090486,4,0.2823471,0.956090486,1.04592610704004,0.04390951399999998,90,-3.1256242625635915,0,99,0,0,0,0,100,Pacific,16.91,33,0.8793650793650793,16
2021_CAN-BCQ_90d_15,BCQ,90,50.1,15.04,33,0.965141362,9,0.5422522,0.965141362,1.0361176500898943,0.034858638,90,-3.356454310221523,0,88,0,0,0,3,97,Pacific,16.91,33,0.8793650793650793,16
2021_CAN-BCQ_90d_16,BCQ,90,50.1,15.04,33,0.925254915,5,0.9043447,0.925254915,1.0807832347477992,0.07474508499999999,90,-2.5936718213814935,0,80,0,0,0,0,100,Pacific,16.91,33,0.8793650793650793,16
2021_CAN-BCQ_90d_17,BCQ,90,50.1,15.04,33,0.964987211,10,1.2536442,0.964987211,1.036283163756872,0.035012789000000044,90,-3.352041884235044,2,65,0,0,0,13,87,Pacific,16.91,33,0.8793650793650793,16
2021_CAN-BCQ_90d_18,BCQ,90,50.1,15.04,33,0.93784912,7,1.3240088,0.93784912,1.0662695935567974,0.06215088000000002,90,-2.778190301833623,0,52,3,0,0,7.000000000000001,93,Pacific,16.91,33,0.8793650793650793,16
2021_PAN-BDT_30d_01,BDT,30,9.35,28.67,32.5,0.997609049,15,2.214113,0.997609049,1.0023966813476648,0.0023909509999999745,30,-6.0360640842333115,0,12,12,3,5,48,52,Atlantic,28.887500000000003,32.075,1.2313131313131311,49
2021_PAN-BDT_30d_02,BDT,30,9.35,28.67,32.5,0.996739036,18,2.26786,0.996739036,1.0032716326763789,0.0032609639999999773,30,-5.725732421794316,0,6,10,0,4,61,39,Atlantic,28.887500000000003,32.075,1.2313131313131311,49
2021_PAN-BDT_30d_03,BDT,30,9.35,28.67,32.5,0.997095897,12,1.85193,0.997095897,1.0029125613782361,0.0029041029999999912,30,-5.841630714329018,0,17,5,2,0,56.00000000000001,43.99999999999999,Atlantic,28.887500000000003,32.075,1.2313131313131311,49
2021_PAN-BDT_30d_04,BDT,30,9.35,28.67,32.5,0.993775231,18,2.023797,0.993775231,1.0062637594556831,0.006224769000000019,30,-5.079218945753633,0,5,23,0,3,28.000000000000004,72,Atlantic,28.887500000000003,32.075,1.2313131313131311,49
2021_PAN-BDT_30d_05,BDT,30,9.35,28.67,32.5,0.995778911,14,1.692616,0.995778911,1.0042389821208013,0.004221088999999956,30,-5.467662127353137,0,39,10,2,0,43,57,Atlantic,28.887500000000003,32.075,1.2313131313131311,49
2021_PAN-BDT_30d_06,BDT,30,9.35,28.67,32.5,0.996742244,15,2.346185,0.996742244,1.003268403661639,0.0032577560000000005,30,-5.726716664179002,0,18,9,1,1,60,40,Atlantic,28.887500000000003,32.075,1.2313131313131311,49
2021_PAN-BDT_60d_07,BDT,60,9.35,28.67,31.3,0.984365695,16,1.597838,0.984365695,1.0158826187050332,0.01563430499999996,60,-4.158287740611342,0,1,5,0,51,19,81,Atlantic,28.887500000000003,32.075,1.2313131313131311,49
2021_PAN-BDT_60d_08,BDT,60,9.35,28.67,31.3,0.933890675,17,1.594712,0.933890675,1.070789147776853,0.066109325,60,-2.71644546794441,0,54,12,0,0,4,96,Atlantic,28.887500000000003,32.075,1.2313131313131311,49
2021_PAN-BDT_60d_09,BDT,60,9.35,28.67,31.3,0.993277618,24,2.527891,0.993277618,1.0067678782630134,0.006722381999999971,60,-5.002312722968992,0,14,3,1,14,24,76,Atlantic,28.887500000000003,32.075,1.2313131313131311,49
2021_PAN-BDT_60d_10,BDT,60,9.35,28.67,31.3,0.975214064,21,2.352068,0.975214064,1.0254158926895869,0.02478593600000001,60,-3.6974788834455876,0,21,15,5,4,26,74,Atlantic,28.887500000000003,32.075,1.2313131313131311,49
2021_PAN-BDT_60d_11,BDT,60,9.35,28.67,31.3,0.993212048,25,2.469942,0.993212048,1.0068343431935494,0.0067879520000000415,60,-4.992606002937451,0,26,4,1,10,18,82,Atlantic,28.887500000000003,32.075,1.2313131313131311,49
2021_PAN-BDT_60d_12,BDT,60,9.35,28.67,31.3,0.929707964,24,1.892853,0.929707964,1.0756065761742792,0.070292036,60,-2.6550967725003485,0,49,19,1,4,3,97,Atlantic,28.887500000000003,32.075,1.2313131313131311,49
2021_PAN-BDT_90d_13,BDT,90,9.35,29.54,32.6,0.860330348,18,2.272058,0.860330348,1.1623442115283837,0.13966965200000003,90,-1.9684752732548738,0,32,41,0,5,1,99,Atlantic,28.887500000000003,32.075,1.2313131313131311,49
2021_PAN-BDT_90d_14,BDT,90,9.35,29.54,32.6,0.828487817,18,2.316682,0.828487817,1.2070183525704157,0.17151218300000004,90,-1.7631009769983397,0,12,35,0,1,2,98,Atlantic,28.887500000000003,32.075,1.2313131313131311,49
2021_PAN-BDT_90d_15,BDT,90,9.35,29.54,32.6,0.815861971,17,2.108605,0.815861971,1.2256975267204848,0.18413802899999998,90,-1.6920696449920403,0,37,22,1,10,0,100,Atlantic,28.887500000000003,32.075,1.2313131313131311,49
2021_PAN-BDT_90d_16,BDT,90,9.35,29.54,32.6,0.973977827,16,2.049332,0.973977827,1.0267174182806114,0.026022172999999982,90,-3.6488062967022166,0,8,11,1,2,23,77,Atlantic,28.887500000000003,32.075,1.2313131313131311,49
2021_POR-MAD_30d_01,MAD,30,32.74,22.79,35.54,0.994755894,8,1.442432,0.994755894,1.0052717516243237,0.005244106000000026,30,-5.2506504997075485,17,1,0,0,0,74,26,Atlantic,23.176666666666666,35.723333333333336,0.9924603174603174,27
2021_POR-MAD_30d_02,MAD,30,32.74,22.79,35.54,0.994926826,9,1.586433,0.994926826,1.005099042328968,0.005073173999999958,30,-5.2837886217545735,14,2,0,0,2,69,31,Atlantic,23.176666666666666,35.723333333333336,0.9924603174603174,27
2021_POR-MAD_30d_03,MAD,30,32.74,22.79,35.54,0.995211231,10,1.664903,0.995211231,1.0048118116544849,0.004788769000000026,30,-5.341481894324809,22,6,0,0,0,56.00000000000001,43.99999999999999,Atlantic,23.176666666666666,35.723333333333336,0.9924603174603174,27
2021_POR-MAD_30d_04,MAD,30,32.74,22.79,35.54,0.978707775,9,1.536678,0.978707775,1.0217554468697259,0.021292225000000053,30,-3.8494132963782186,35,7.000000000000001,0,0,1,44,56,Atlantic,23.176666666666666,35.723333333333336,0.9924603174603174,27
2021_POR-MAD_30d_05,MAD,30,32.74,22.79,35.54,0.998465625,9,1.533983,0.998465625,1.0015367329245812,0.0015343749999999767,30,-6.4796321469814036,4,43,0,0,0,32,68,Atlantic,23.176666666666666,35.723333333333336,0.9924603174603174,27
2021_POR-MAD_30d_06,MAD,30,32.74,22.79,35.54,0.996758452,10,1.371276,0.996758452,1.003252089805204,0.003241547999999983,30,-5.731704285499587,0,16,0,0,0,71,29,Atlantic,23.176666666666666,35.723333333333336,0.9924603174603174,27
2021_POR-MAD_60d_07,MAD,60,32.74,22.79,35.78,0.997766118,10,1.563603,0.997766118,1.0022388834013303,0.002233881999999965,60,-6.104014399783887,0,5,0,0,1,60,40,Atlantic,23.176666666666666,35.723333333333336,0.9924603174603174,27
2021_POR-MAD_60d_08,MAD,60,32.74,22.79,35.78,0.954597751,13,1.939687,0.954597751,1.0475616551080686,0.045402249000000006,60,-3.0921936377168393,14,54,0,0,0,13,87,Atlantic,23.176666666666666,35.723333333333336,0.9924603174603174,27
2021_POR-MAD_60d_09,MAD,60,32.74,22.79,35.78,0.970005514,17,1.830515,0.970005514,1.0309219747383827,0.029994485999999987,60,-3.506741714213272,40,12,0,0,1,27,73,Atlantic,23.176666666666666,35.723333333333336,0.9924603174603174,27
2021_POR-MAD_60d_10,MAD,60,32.74,22.79,35.78,0.994013981,17,1.644104,0.994013981,1.0060220672087308,0.005986018999999954,60,-5.1183286954838385,6,34,0,0,0,35,65,Atlantic,23.176666666666666,35.723333333333336,0.9924603174603174,27
2021_POR-MAD_60d_11,MAD,60,32.74,22.79,35.78,NA,15,1.430118,NA,NA,NA,60,NA,2,38,0,0,1,38,62,Atlantic,23.176666666666666,35.723333333333336,0.9924603174603174,27
2021_POR-MAD_60d_12,MAD,60,32.74,22.79,35.78,0.993572622,11,1.837933,0.993572622,1.0064689564282299,0.006427378000000039,60,-5.047188599945632,3,32,0,0,0,34,66,Atlantic,23.176666666666666,35.723333333333336,0.9924603174603174,27
2021_POR-MAD_90d_13,MAD,90,32.74,23.95,35.85,0.961812312,17,2.517433,0.961812312,1.0397038876749167,0.03818768800000005,90,-3.2652421189855168,14,14,0,3,12,23,77,Atlantic,23.176666666666666,35.723333333333336,0.9924603174603174,27
2021_POR-MAD_90d_14,MAD,90,32.74,23.95,35.85,0.982165713,16,2.03399,0.982165713,1.0181581241983348,0.017834287000000004,90,-4.026632438542596,13,7,0,0,0,47,53,Atlantic,23.176666666666666,35.723333333333336,0.9924603174603174,27
2021_POR-MAD_90d_15,MAD,90,32.74,23.95,35.85,0.980320803,19,1.403255,0.980320803,1.0200742419621998,0.01967919699999998,90,-3.928193191036018,7,69,0,1,0,6,94,Atlantic,23.176666666666666,35.723333333333336,0.9924603174603174,27
2021_POR-MAD_90d_16,MAD,90,32.74,23.95,35.85,0.974816309,16,1.688021,0.974816309,1.0258342938741292,0.025183690999999953,90,-3.681558676517464,17,36,0,2,0,10,90,Atlantic,23.176666666666666,35.723333333333336,0.9924603174603174,27
2021_POR-MAD_90d_17,MAD,90,32.74,23.95,35.85,0.971819421,18,1.760053,0.971819421,1.028997752453848,0.02818057900000004,90,-3.5691222262358075,10,43,0,1,0,10,90,Atlantic,23.176666666666666,35.723333333333336,0.9924603174603174,27
2021_POR-MAD_90d_18,MAD,90,32.74,23.95,35.85,0.960320837,16,1.43419,0.960320837,1.04131865254945,0.03967916299999996,90,-3.226929090537942,5,58,0,1,0,17,83,Atlantic,23.176666666666666,35.723333333333336,0.9924603174603174,27
2021_USA-ALD_30d_01,ALD,30,30.25,28.71,10.7,0.995856076,2,0.649682,0.995856076,1.0041611675621287,0.0041439239999999655,30,-5.486112113961479,0,0,0,0,0,18,82,Atlantic,29.346666666666668,12.4,1.1634920634920634,5
2021_USA-ALD_30d_02,ALD,30,30.25,28.71,10.7,0.993682727,2,0.3796778,0.993682727,1.0063574346502653,0.006317272999999957,30,-5.0644676512826,0,0,0,0,0,25,75,Atlantic,29.346666666666668,12.4,1.1634920634920634,5
2021_USA-ALD_30d_03,ALD,30,30.25,28.71,10.7,0.990930053,3,0.3170678,0.990930053,1.0091529638974426,0.009069946999999967,30,-4.70278885831208,0,0,0,0,0,17,83,Atlantic,29.346666666666668,12.4,1.1634920634920634,5
2021_USA-ALD_30d_04,ALD,30,30.25,28.71,10.7,0.989323484,3,0.1914441,0.989323484,1.0107917341220214,0.01067651599999997,30,-4.53970871589897,0,0,0,0,0,16,84,Atlantic,29.346666666666668,12.4,1.1634920634920634,5
2021_USA-ALD_30d_05,ALD,30,30.25,28.71,10.7,0.987904496,4,0.6172418,0.987904496,1.0122435964700782,0.012095504000000035,30,-4.414921465676702,0,0,0,0,0,9,91,Atlantic,29.346666666666668,12.4,1.1634920634920634,5
2021_USA-ALD_30d_06,ALD,30,30.25,28.71,10.7,0.992739415,2,0.2011139,0.992739415,1.0073136866435388,0.007260585000000042,30,-4.925294874879304,0,0,0,0,0,20,80,Atlantic,29.346666666666668,12.4,1.1634920634920634,5
2021_USA-ALD_60d_07,ALD,60,30.25,30.8,16.3,NA,3,0.4044324,NA,NA,NA,60,NA,0,0,0,0,0,10,90,Atlantic,29.346666666666668,12.4,1.1634920634920634,5
2021_USA-ALD_60d_08,ALD,60,30.25,30.8,16.3,NA,2,0.1538376,NA,NA,NA,60,NA,0,0,0,0,0,0,100,Atlantic,29.346666666666668,12.4,1.1634920634920634,5
2021_USA-ALD_60d_09,ALD,60,30.25,30.8,16.3,0.993027163,2,0.3093808,0.993027163,1.0070217988588899,0.006972836999999954,60,-4.965733106894878,0,0,0,0,0,0,100,Atlantic,29.346666666666668,12.4,1.1634920634920634,5
2021_USA-ALD_60d_10,ALD,60,30.25,30.8,16.3,0.98045025,3,0.4080213,0.98045025,1.0199395634811659,0.019549750000000032,60,-3.9347927803563096,0,0,0,0,0,6,94,Atlantic,29.346666666666668,12.4,1.1634920634920634,5
2021_USA-ALD_60d_11,ALD,60,30.25,30.8,16.3,NA,2,0.2755892,NA,NA,NA,60,NA,0,0,0,0,0,11,89,Atlantic,29.346666666666668,12.4,1.1634920634920634,5
2021_USA-ALD_60d_12,ALD,60,30.25,30.8,16.3,0.987034419,3,0.3795349,0.987034419,1.0131358955173375,0.012965581000000004,60,-4.345457048037616,0,0,0,0,0,7.000000000000001,93,Atlantic,29.346666666666668,12.4,1.1634920634920634,5
2021_USA-ALD_90d_13,ALD,90,30.25,28.53,10.2,0.996654267,2,0.2547305,0.996654267,1.0033569645069307,0.003345732999999962,90,-5.700069476373714,0,0,0,0,0,28.999999999999996,71,Atlantic,29.346666666666668,12.4,1.1634920634920634,5
2021_USA-ALD_90d_14,ALD,90,30.25,28.53,10.2,0.981002203,2,0.1732052,0.981002203,1.0193657026884373,0.01899779700000004,90,-3.9634322539065314,0,0,0,0,0,28.000000000000004,72,Atlantic,29.346666666666668,12.4,1.1634920634920634,5
2021_USA-ALD_90d_15,ALD,90,30.25,28.53,10.2,NA,2,0.5565544,NA,NA,NA,90,NA,0,0,0,0,0,41,59,Atlantic,29.346666666666668,12.4,1.1634920634920634,5
2021_USA-ALD_90d_16,ALD,90,30.25,28.53,10.2,NA,3,0.312357,NA,NA,NA,90,NA,0,0,0,0,0,10,90,Atlantic,29.346666666666668,12.4,1.1634920634920634,5
2021_USA-ALD_90d_17,ALD,90,30.25,28.53,10.2,NA,3,0.706845,NA,NA,NA,90,NA,0,0,0,0,0,32,68,Atlantic,29.346666666666668,12.4,1.1634920634920634,5
2021_USA-ALD_90d_18,ALD,90,30.25,28.53,10.2,NA,2,0.4493604,NA,NA,NA,90,NA,0,0,0,0,0,25,75,Atlantic,29.346666666666668,12.4,1.1634920634920634,5
2021_USA-CBB_30d_01,CBB,30,38.33,15.39,35,0.981575658,5,0.995027,0.981575658,1.018770170032069,0.018424341999999982,30,-3.994082553891793,5,0,0,0,0,91,9,Pacific,16.003333333333334,35,1.1825396825396823,18
2021_USA-CBB_30d_02,CBB,30,38.33,15.39,35,0.998832526,7,1.5171064,0.998832526,1.0011688385886623,0.0011674739999999462,30,-6.752912838476524,3,2,1,0,0,88,12,Pacific,16.003333333333334,35,1.1825396825396823,18
2021_USA-CBB_30d_03,CBB,30,38.33,15.39,35,0.996304207,7,1.6642868,0.996304207,1.003709502553571,0.0036957930000000028,30,-5.6005601332646275,2,14,0,0,0,78,22,Pacific,16.003333333333334,35,1.1825396825396823,18
2021_USA-CBB_30d_04,CBB,30,38.33,15.39,35,0.995016561,9,1.5062039,0.995016561,1.0050083980461506,0.004983438999999978,30,-5.301635064024979,4,24.000000000000004,0,0,0,68,32,Pacific,16.003333333333334,35,1.1825396825396823,18
2021_USA-CBB_30d_05,CBB,30,38.33,15.39,35,0.989036641,9,1.7782333,0.989036641,1.0110848865911732,0.010963359000000006,30,-4.513196566314897,1,8,0,0,0,87,13,Pacific,16.003333333333334,35,1.1825396825396823,18
2021_USA-CBB_30d_06,CBB,30,38.33,15.39,35,0.997567388,8,1.518035,0.997567388,1.0024385440314736,0.0024326120000000007,30,-6.0187897017986005,0,19,0,0,0,72,28,Pacific,16.003333333333334,35,1.1825396825396823,18
2021_USA-CBB_60d_07,CBB,60,38.33,16.31,35,NA,10,1.6069369,NA,NA,NA,60,NA,33,49,0,2,0,6,94,Pacific,16.003333333333334,35,1.1825396825396823,18
2021_USA-CBB_60d_08,CBB,60,38.33,16.31,35,NA,7,1.1919858,NA,NA,NA,60,NA,61,15,2,0,0,15,85,Pacific,16.003333333333334,35,1.1825396825396823,18
2021_USA-CBB_60d_09,CBB,60,38.33,16.31,35,NA,6,1.0591116,NA,NA,NA,60,NA,57.99999999999999,32,0,0,0,0,100,Pacific,16.003333333333334,35,1.1825396825396823,18
2021_USA-CBB_60d_10,CBB,60,38.33,16.31,35,NA,10,1.6603225,NA,NA,NA,60,NA,38,24,6,1,0,18,82,Pacific,16.003333333333334,35,1.1825396825396823,18
2021_USA-CBB_60d_11,CBB,60,38.33,16.31,35,NA,9,1.4065213,NA,NA,NA,60,NA,32,51,1,0,0,10,90,Pacific,16.003333333333334,35,1.1825396825396823,18
2021_USA-CBB_60d_12,CBB,60,38.33,16.31,35,NA,8,1.0878348,NA,NA,NA,60,NA,66,9,0,1,0,19,81,Pacific,16.003333333333334,35,1.1825396825396823,18
2021_USA-CBB_90d_13,CBB,90,38.33,16.31,35,0.749377825,9,1.1349228,0.749377825,1.334440340558516,0.25062217499999995,90,-1.38380875280528,56.99999999999999,24,19,0,0,0,100,Pacific,16.003333333333334,35,1.1825396825396823,18
2021_USA-CBB_90d_14,CBB,90,38.33,16.31,35,0.7459193,10,1.1301693,0.7459193,1.340627598722811,0.25408070000000005,90,-1.3701033458893777,69,22,5,1,0,0,100,Pacific,16.003333333333334,35,1.1825396825396823,18
2021_USA-CBB_90d_15,CBB,90,38.33,16.31,35,0.776710499,6,0.9474762,0.776710499,1.2874809871728026,0.223289501,90,-1.4992861387066738,56.00000000000001,39,5,0,0,0,100,Pacific,16.003333333333334,35,1.1825396825396823,18
2021_USA-CBB_90d_16,CBB,90,38.33,16.31,35,NA,6,0.7880841,NA,NA,NA,90,NA,81,17,1,1,0,0,100,Pacific,16.003333333333334,35,1.1825396825396823,18
2021_USA-CBB_90d_17,CBB,90,38.33,16.31,35,NA,8,1.1864346,NA,NA,NA,90,NA,64,21,12,1,0,0,100,Pacific,16.003333333333334,35,1.1825396825396823,18
2021_USA-CBB_90d_18,CBB,90,38.33,16.31,35,NA,7,0.9047839,NA,NA,NA,90,NA,70,8,22,0,0,0,100,Pacific,16.003333333333334,35,1.1825396825396823,18
2021_USA-HIK_30d_01,HIK,30,21.43,22,34,0.999181853,12,1.3486797,0.999181853,1.0008188169126007,8.181470000000468e-4,30,-7.1084685309052995,1,5,0,3,1,54,46,Pacific,25.490588235294116,33.64705882352941,1.2634538152610444,26
2021_USA-HIK_30d_02,HIK,30,21.43,22,34,0.995877798,10,1.5377408,0.995877798,1.0041392648859915,0.004122202000000019,30,-5.491367792377372,0,0,2,5,11,37,63,Pacific,25.490588235294116,33.64705882352941,1.2634538152610444,26
2021_USA-HIK_30d_04,HIK,30,21.43,22,34,0.999519365,8,1.1334369,0.999519365,1.000480866121088,4.806349999999515e-4,30,-7.640402411679041,0,0,1,4,1,44,56,Pacific,25.490588235294116,33.64705882352941,1.2634538152610444,26
2021_USA-HIK_30d_05,HIK,30,21.43,22,34,0.997273122,9,1.4593999,0.997273122,1.002734334195763,0.0027268780000000437,30,-5.904597913926549,0,0,1,10,11,34,66,Pacific,25.490588235294116,33.64705882352941,1.2634538152610444,26
2021_USA-HIK_30d_06,HIK,30,21.43,22,34,0.978668239,9,1.292709,0.978668239,1.0217967234962042,0.021331761000000005,30,-3.8475581901317835,8,0,0,7.000000000000001,6,39,61,Pacific,25.490588235294116,33.64705882352941,1.2634538152610444,26
2021_USA-HIK_60d_07,HIK,60,21.43,26.9,34,NA,13,2.00962,NA,NA,NA,60,NA,0,0,8,5,47,0,100,Pacific,25.490588235294116,33.64705882352941,1.2634538152610444,26
2021_USA-HIK_60d_08,HIK,60,21.43,26.9,34,0.936171002,9,1.1843842,0.936171002,1.068180917656751,0.06382899799999997,60,-2.751547677785059,0,0,4,14.000000000000002,8,0,100,Pacific,25.490588235294116,33.64705882352941,1.2634538152610444,26
2021_USA-HIK_60d_09,HIK,60,21.43,26.9,34,0.948281169,10,1.2884784,0.948281169,1.0545395529203005,0.051718830999999965,60,-2.9619333278087856,0,27,1,1,10,2,98,Pacific,25.490588235294116,33.64705882352941,1.2634538152610444,26
2021_USA-HIK_60d_10,HIK,60,21.43,26.9,34,0.971572823,6,0.8949298,0.971572823,1.0292589256585247,0.02842717699999997,60,-3.560409654767218,0,0,1,3,1,0,100,Pacific,25.490588235294116,33.64705882352941,1.2634538152610444,26
2021_USA-HIK_60d_11,HIK,60,21.43,26.9,34,0.9728321,8,0.8424369,0.9728321,1.0279266072737525,0.027167900000000023,60,-3.605719149660916,0,1,2,2,1,8,92,Pacific,25.490588235294116,33.64705882352941,1.2634538152610444,26
2021_USA-HIK_60d_12,HIK,60,21.43,26.9,34,0.95875194,11,1.9754158,0.95875194,1.0430226613152929,0.04124806000000003,60,-3.188151197610436,0,6,6,1,9,12,88,Pacific,25.490588235294116,33.64705882352941,1.2634538152610444,26
2021_USA-HIK_90d_13,HIK,90,21.43,26.99,33,0.971936242,9,1.289626,0.971936242,1.028874072997064,0.02806375800000005,90,-3.5732762859766347,3,4,1,4,1,1,99,Pacific,25.490588235294116,33.64705882352941,1.2634538152610444,26
2021_USA-HIK_90d_14,HIK,90,21.43,26.99,33,0.961355286,10,1.3707245,0.961355286,1.040198160412466,0.038644714000000024,90,-3.2533452791493547,0,1,3,3,3,4,96,Pacific,25.490588235294116,33.64705882352941,1.2634538152610444,26
2021_USA-HIK_90d_15,HIK,90,21.43,26.99,33,0.983646877,10,1.6620582,0.983646877,1.0166249935646368,0.016353123000000025,90,-4.113336390704491,3,13,3,2,6,1,99,Pacific,25.490588235294116,33.64705882352941,1.2634538152610444,26
2021_USA-HIK_90d_16,HIK,90,21.43,26.99,33,0.983185603,11,0.5355732,0.983185603,1.0171019560789887,0.01681439699999998,90,-4.085519795271457,0,0,0,1,11,7.000000000000001,93,Pacific,25.490588235294116,33.64705882352941,1.2634538152610444,26
2021_USA-HIK_90d_17,HIK,90,21.43,26.99,33,0.903390171,13,1.5298178,0.903390171,1.1069414214381574,0.09660982900000004,90,-2.3370747934573903,0,3,3,10,26,4,96,Pacific,25.490588235294116,33.64705882352941,1.2634538152610444,26
2021_USA-HIK_90d_18,HIK,90,21.43,26.99,33,0.985849315,11,1.4051587,0.985849315,1.014353801118176,0.014150685000000052,90,-4.257992246170615,1,5,6,1,2,17,83,Pacific,25.490588235294116,33.64705882352941,1.2634538152610444,26
2021_USA-IRL_30d_01,IRL,30,27.46,28.37,35.5,0.948583931,19,2.267631,0.948583931,1.0542029727889202,0.05141606899999995,30,-2.9678045289193435,4,79,0,1,0,0,100,Atlantic,28.386666666666667,32.65,1.4015873015873015,40
2021_USA-IRL_30d_02,IRL,30,27.46,28.37,35.5,0.897944236,18,2.287532,0.897944236,1.1136549018395838,0.10205576400000005,30,-2.282235909204728,18,64,2,7.000000000000001,0,0,100,Atlantic,28.386666666666667,32.65,1.4015873015873015,40
2021_USA-IRL_30d_03,IRL,30,27.46,28.37,35.5,0.953150525,18,2.245151,0.953150525,1.0491522312281159,0.04684947500000003,30,-3.0608154763370137,3,56,0,15,1,5,95,Atlantic,28.386666666666667,32.65,1.4015873015873015,40
2021_USA-IRL_30d_04,IRL,30,27.46,28.37,35.5,0.905859262,23,2.478301,0.905859262,1.103924242925056,0.094140738,30,-2.3629644036517234,12,25,2,12,3,14.000000000000002,86,Atlantic,28.386666666666667,32.65,1.4015873015873015,40
2021_USA-IRL_30d_05,IRL,30,27.46,28.37,35.5,0.945916756,21,2.285683,0.945916756,1.0571754794033905,0.054083243999999975,30,-2.917230863839369,18,59,0,9,0,2,98,Atlantic,28.386666666666667,32.65,1.4015873015873015,40
2021_USA-IRL_30d_06,IRL,30,27.46,28.37,35.5,0.934228254,20,2.478857,0.934228254,1.0704022231380728,0.06577174600000002,30,-2.7215649249633147,15,55,0,8,0,4,96,Atlantic,28.386666666666667,32.65,1.4015873015873015,40
2021_USA-IRL_60d_07,IRL,60,27.46,28.39,33.15,0.83065690700000006,19,2.252235,0.83065690700000006,1.203866471912693,0.16934309299999994,60,-1.775828485905874,16,54,2,11,0,1,99,Atlantic,28.386666666666667,32.65,1.4015873015873015,40
2021_USA-IRL_60d_08,IRL,60,27.46,28.39,33.15,0.843329584,16,1.921805,0.843329584,1.1857760227702387,0.15667041599999998,60,-1.8536109413176127,26,54,0,18,0,0,100,Atlantic,28.386666666666667,32.65,1.4015873015873015,40
2021_USA-IRL_60d_09,IRL,60,27.46,28.39,33.15,0.701872448,17,2.022499,0.701872448,1.4247603006066423,0.29812755199999996,60,-1.2102338572084546,48,27,0,17,0,1,99,Atlantic,28.386666666666667,32.65,1.4015873015873015,40
2021_USA-IRL_60d_10,IRL,60,27.46,28.39,33.15,0.832828432,17,2.199685,0.832828432,1.2007274986980752,0.167171568,60,-1.7887346406382,33,36,0,14.000000000000002,2,0,100,Atlantic,28.386666666666667,32.65,1.4015873015873015,40
2021_USA-IRL_60d_11,IRL,60,27.46,28.39,33.15,0.751172884,15,2.216609,0.751172884,1.3312514619470741,0.24882711599999996,60,-1.390996936917516,52,22,1,8,0,0,100,Atlantic,28.386666666666667,32.65,1.4015873015873015,40
2021_USA-IRL_60d_12,IRL,60,27.46,28.39,33.15,0.745429139,17,1.854142,0.745429139,1.341509135719472,0.25457086100000004,60,-1.3681760495265771,42,43,0,4,0,0,100,Atlantic,28.386666666666667,32.65,1.4015873015873015,40
2021_USA-IRL_90d_13,IRL,90,27.46,28.4,29.3,0.765966575,17,1.807759,0.765966575,1.3055399969639667,0.23403342500000002,90,-1.4522913319450237,48,34,3,13,0,0,100,Atlantic,28.386666666666667,32.65,1.4015873015873015,40
2021_USA-IRL_90d_14,IRL,90,27.46,28.4,29.3,0.718942629,16,1.770175,0.718942629,1.3909315704243765,0.28105737099999994,90,-1.2691964632279036,37,53,3,1,1,0,100,Atlantic,28.386666666666667,32.65,1.4015873015873015,40
2021_USA-IRL_90d_15,IRL,90,27.46,28.4,29.3,0.618498672,16,1.53273,0.618498672,1.6168183462162713,0.38150132800000003,90,-0.9636409472676157,55,28,0,10,1,0,100,Atlantic,28.386666666666667,32.65,1.4015873015873015,40
2021_USA-IRL_90d_16,IRL,90,27.46,28.4,29.3,0.817087851,13,1.624286,0.817087851,1.2238586080751799,0.18291214899999997,90,-1.6987493015157513,18,51,0,17,0,2,98,Atlantic,28.386666666666667,32.65,1.4015873015873015,40
2021_USA-IRL_90d_17,IRL,90,27.46,28.4,29.3,0.762454156,18,1.98266,0.762454156,1.311554264778642,0.237545844,90,-1.4373946467664056,34,37,3,13,11,0,100,Atlantic,28.386666666666667,32.65,1.4015873015873015,40
2021_USA-IRL_90d_18,IRL,90,27.46,28.4,29.3,0.848173089,16,2.163294,0.848173089,1.1790046312115428,0.151826911,90,-1.8850141504178402,19,29,6,13,0,11,89,Atlantic,28.386666666666667,32.65,1.4015873015873015,40
2021_USA-LIS_30d_01,LIS,30,40.88,25.05,26.3,0.991349333,4,0.8907317,0.991349333,1.0087261540529022,0.008650666999999945,30,-4.750118851184576,0,0,0,0,0,50,50,Atlantic,24.406666666666666,26.766666666666666,1.1857777777777778,13
2021_USA-LIS_30d_02,LIS,30,40.88,25.05,26.3,0.987092376,4,0.9825749,0.987092376,1.013076409375489,0.012907624000000006,30,-4.349937134438873,0,3,0,0,0,23,77,Atlantic,24.406666666666666,26.766666666666666,1.1857777777777778,13
2021_USA-LIS_30d_03,LIS,30,40.88,25.05,26.3,NA,2,0.7207279,NA,NA,NA,30,NA,0,0,0,0,0,51,49,Atlantic,24.406666666666666,26.766666666666666,1.1857777777777778,13
2021_USA-LIS_30d_04,LIS,30,40.88,25.05,26.3,0.997890116,6,0.9229624,0.997890116,1.0021143450227339,0.0021098840000000063,30,-6.161122309308729,0,0,0,0,0,40,60,Atlantic,24.406666666666666,26.766666666666666,1.1857777777777778,13
2021_USA-LIS_30d_05,LIS,30,40.88,25.05,26.3,NA,5,1.4555608,NA,NA,NA,30,NA,4,7.000000000000001,0,0,0,21,79,Atlantic,24.406666666666666,26.766666666666666,1.1857777777777778,13
2021_USA-LIS_30d_06,LIS,30,40.88,25.05,26.3,NA,4,0.9471375,NA,NA,NA,30,NA,3,0,0,0,0,17,83,Atlantic,24.406666666666666,26.766666666666666,1.1857777777777778,13
2021_USA-LIS_60d_07,LIS,60,40.88,25.52,27.2,NA,6,1.3353328,NA,NA,NA,60,NA,0,0,0,0,0,8,92,Atlantic,24.406666666666666,26.766666666666666,1.1857777777777778,13
2021_USA-LIS_60d_08,LIS,60,40.88,25.52,27.2,0.993577873,5,0.9175819,0.993577873,1.00646363729962,0.006422127,60,-5.048005907739565,0,0,0,0,0,22,78,Atlantic,24.406666666666666,26.766666666666666,1.1857777777777778,13
2021_USA-LIS_60d_09,LIS,60,40.88,25.52,27.2,0.983624465,5,1.0194615,0.983624465,1.0166481574855908,0.016375534999999997,60,-4.111966826238807,1,0,0,0,0,28.000000000000004,72,Atlantic,24.406666666666666,26.766666666666666,1.1857777777777778,13
2021_USA-LIS_60d_10,LIS,60,40.88,25.52,27.2,0.987165098,7,1.032571,0.987165098,1.0130017785535608,0.012834902000000037,60,-4.35558710006021,0,0,0,0,0,19,81,Atlantic,24.406666666666666,26.766666666666666,1.1857777777777778,13
2021_USA-LIS_60d_11,LIS,60,40.88,25.52,27.2,0.983694699,5,1.1503924,0.983694699,1.016575570669005,0.01630530100000005,60,-4.116265009316336,0,0,0,0,0,19,81,Atlantic,24.406666666666666,26.766666666666666,1.1857777777777778,13
2021_USA-LIS_60d_12,LIS,60,40.88,25.52,27.2,NA,5,0.803533,NA,NA,NA,60,NA,0,0,0,0,0,11,89,Atlantic,24.406666666666666,26.766666666666666,1.1857777777777778,13
2021_USA-LIS_90d_13,LIS,90,40.88,22.65,26.8,0.969385734,5,1.381901,0.969385734,1.0315810981389995,0.030614265999999946,90,-3.4862891695151976,7.000000000000001,0,0,0,0,20,80,Atlantic,24.406666666666666,26.766666666666666,1.1857777777777778,13
2021_USA-LIS_90d_14,LIS,90,40.88,22.65,26.8,0.980398685,7,1.577843,0.980398685,1.0199932081712246,0.019601314999999953,90,-3.93215862315949,0,0,0,0,0,14.000000000000002,86,Atlantic,24.406666666666666,26.766666666666666,1.1857777777777778,13
2021_USA-LIS_90d_15,LIS,90,40.88,22.65,26.8,0.972625665,7,1.3388163,0.972625665,1.0281447796259828,0.027374334999999972,90,-3.598149383377977,3,0,0,0,0,14.000000000000002,86,Atlantic,24.406666666666666,26.766666666666666,1.1857777777777778,13
2021_USA-LIS_90d_16,LIS,90,40.88,22.65,26.8,0.940248223,5,1.6263744,0.940248223,1.06354893903373,0.059751777000000006,90,-2.817556348026985,7.000000000000001,0,0,0,0,19,81,Atlantic,24.406666666666666,26.766666666666666,1.1857777777777778,13
2021_USA-LIS_90d_17,LIS,90,40.88,22.65,26.8,0.959044755,6,1.6030687,0.959044755,1.0427042062286238,0.04095524500000003,90,-3.1952753938569054,NA,NA,NA,NA,NA,NA,NA,Atlantic,24.406666666666666,26.766666666666666,1.1857777777777778,13
2021_USA-LIS_90d_18,LIS,90,40.88,22.65,26.8,0.938038054,7,1.4741872,0.938038054,1.0660548319290255,0.061961946000000045,90,-2.7812348565670826,0,0,1,0,0,5,95,Atlantic,24.406666666666666,26.766666666666666,1.1857777777777778,13
2021_USA-MDA_30d_01,MDA,30,38.89,29.2,10,0.984181506,2,0.6080451,0.984181506,1.016072740549953,0.015818494000000016,30,-4.146575517128539,0,0,0,0,0,9,91,Atlantic,28.566666666666666,8.806666666666667,1.3861111111111108,3
2021_USA-MDA_30d_02,MDA,30,38.89,29.2,10,0.986539159,2,0.6365142,0.986539159,1.0136445075466083,0.013460841000000001,30,-4.30797047529099,0,0,0,0,0,10,90,Atlantic,28.566666666666666,8.806666666666667,1.3861111111111108,3
2021_USA-MDA_30d_03,MDA,30,38.89,29.2,10,0.982502067,2,0.6866766,0.982502067,1.0178095635497528,0.01749793300000002,30,-4.045672519314423,0,0,0,0,0,12,88,Atlantic,28.566666666666666,8.806666666666667,1.3861111111111108,3
2021_USA-MDA_30d_04,MDA,30,38.89,29.2,10,0.981325371,2,0.5873913,0.981325371,1.0190300073266934,0.018674629000000054,30,-3.980589414291779,0,0,0,0,0,6,94,Atlantic,28.566666666666666,8.806666666666667,1.3861111111111108,3
2021_USA-MDA_30d_05,MDA,30,38.89,29.2,10,0.986697991,2,0.5908422,0.986697991,1.0134813378777823,0.013302009000000004,30,-4.31984020253015,0,0,0,0,0,10,90,Atlantic,28.566666666666666,8.806666666666667,1.3861111111111108,3
2021_USA-MDA_30d_06,MDA,30,38.89,29.2,10,0.986289355,2,0.575786,0.986289355,1.0139012399662368,0.013710644999999966,30,-4.2895827405626825,0,0,0,0,0,1,99,Atlantic,28.566666666666666,8.806666666666667,1.3861111111111108,3
2021_USA-MDA_60d_07,MDA,60,38.89,28.76,8.93,0.98930467,2,0.4181171,0.98930467,1.0108109567500576,0.010695330000000003,60,-4.537948081383818,0,0,0,0,0,5,95,Atlantic,28.566666666666666,8.806666666666667,1.3861111111111108,3
2021_USA-MDA_60d_08,MDA,60,38.89,28.76,8.93,0.988441522,2,0.4423402,0.988441522,1.0116936386652522,0.011558477999999983,60,-4.460336085305618,0,0,0,0,0,1,99,Atlantic,28.566666666666666,8.806666666666667,1.3861111111111108,3
2021_USA-MDA_60d_09,MDA,60,38.89,28.76,8.93,0.985997551,2,0.6534182,0.985997551,1.014201302007088,0.014002449000000028,60,-4.268523036093667,0,0,0,0,0,0,100,Atlantic,28.566666666666666,8.806666666666667,1.3861111111111108,3
2021_USA-MDA_60d_10,MDA,60,38.89,28.76,8.93,0.982947323,2,0.3295441,0.982947323,1.017348515633528,0.017052677000000016,60,-4.0714480787795475,0,0,0,0,0,2,98,Atlantic,28.566666666666666,8.806666666666667,1.3861111111111108,3
2021_USA-MDA_60d_11,MDA,60,38.89,28.76,8.93,NA,2,0.3939589,NA,NA,NA,60,NA,0,0,0,0,0,3,97,Atlantic,28.566666666666666,8.806666666666667,1.3861111111111108,3
2021_USA-MDA_60d_12,MDA,60,38.89,28.76,8.93,0.985317186,2,0.4279825,0.985317186,1.0149016115912952,0.014682814000000044,60,-4.2210775847925275,0,0,0,0,0,2,98,Atlantic,28.566666666666666,8.806666666666667,1.3861111111111108,3
2021_USA-MDA_90d_13,MDA,90,38.89,27.74,7.49,0.980662698,3,0.4655185,0.980662698,1.019718606651846,0.019337301999999945,90,-3.945719302307968,0,0,0,0,0,1,99,Atlantic,28.566666666666666,8.806666666666667,1.3861111111111108,3
2021_USA-MDA_90d_14,MDA,90,38.89,27.74,7.49,0.987746866,2,0.415413,0.987746866,1.012405135791137,0.012253134000000054,90,-4.40197353797734,0,0,0,0,0,4,96,Atlantic,28.566666666666666,8.806666666666667,1.3861111111111108,3
2021_USA-MDA_90d_15,MDA,90,38.89,27.74,7.49,0.986958321,2,0.4101163,0.986958321,1.0132140119015218,0.013041678999999973,90,-4.339604973103477,0,0,0,0,0,2,98,Atlantic,28.566666666666666,8.806666666666667,1.3861111111111108,3
2021_USA-MDA_90d_16,MDA,90,38.89,27.74,7.49,0.987993275,2,0.4049635,0.987993275,1.0121526383871389,0.012006724999999996,90,-4.422288369502246,0,0,0,0,0,0,100,Atlantic,28.566666666666666,8.806666666666667,1.3861111111111108,3
2021_USA-MDA_90d_17,MDA,90,38.89,27.74,7.49,0.984328078,2,0.3511833,0.984328078,1.0159214415907376,0.015671922000000005,90,-4.155884575381379,0,0,0,0,0,2,98,Atlantic,28.566666666666666,8.806666666666667,1.3861111111111108,3
2021_USA-MDA_90d_18,MDA,90,38.89,27.74,7.49,0.985519984,2,0.3295441,0.985519984,1.014692767508609,0.01448001600000004,90,-4.234985787052799,0,0,0,0,0,2,98,Atlantic,28.566666666666666,8.806666666666667,1.3861111111111108,3
2021_USA-MWH_30d_01,MWH,30,41.52,22.69,28,0.773808454,6,1.53828,0.773808454,1.2923094789553695,0.22619154600000002,30,-1.4863730900038474,68,0,6,0,0,18,82,Atlantic,23.096666666666668,28.666666666666668,1.2531746031746032,21
2021_USA-MWH_30d_02,MWH,30,41.52,22.69,28,NA,10,1.872477,NA,NA,NA,30,NA,55,14,9,0,0,15,85,Atlantic,23.096666666666668,28.666666666666668,1.2531746031746032,21
2021_USA-MWH_30d_03,MWH,30,41.52,22.69,28,NA,9,1.706109,NA,NA,NA,30,NA,61,2,7.000000000000001,0,0,19,81,Atlantic,23.096666666666668,28.666666666666668,1.2531746031746032,21
2021_USA-MWH_30d_04,MWH,30,41.52,22.69,28,0.85865598,9,1.654783,0.85865598,1.1646107676324575,0.14134402000000001,30,-1.9565585020692762,67,11,3,0,0,13,87,Atlantic,23.096666666666668,28.666666666666668,1.2531746031746032,21
2021_USA-MWH_30d_05,MWH,30,41.52,22.69,28,0.824625955,9,1.775232,0.824625955,1.2126710224637545,0.17537404499999998,30,-1.7408341860483232,65,2,5,0,0,17,83,Atlantic,23.096666666666668,28.666666666666668,1.2531746031746032,21
2021_USA-MWH_30d_06,MWH,30,41.52,22.69,28,0.840814908,8,1.632528,0.840814908,1.189322394840316,0.15918509199999997,30,-1.8376876531727346,68,2,11,0,0,12,88,Atlantic,23.096666666666668,28.666666666666668,1.2531746031746032,21
2021_USA-MWH_60d_07,MWH,60,41.52,24.21,29,0.632159025,8,1.854586,0.632159025,1.5818804453515474,0.367840975,60,-1.000104567361818,54,12,1,0,0,17,83,Atlantic,23.096666666666668,28.666666666666668,1.2531746031746032,21
2021_USA-MWH_60d_08,MWH,60,41.52,24.21,29,0.676148538,9,1.968169,0.676148538,1.4789649667186,0.32385146200000003,60,-1.1274703189277053,52,12,2,0,0,13,87,Atlantic,23.096666666666668,28.666666666666668,1.2531746031746032,21
2021_USA-MWH_60d_09,MWH,60,41.52,24.21,29,0.684851933,10,1.75116,0.684851933,1.460169639325527,0.315148067,60,-1.1547126966290093,56,13,1,0,1,20,80,Atlantic,23.096666666666668,28.666666666666668,1.2531746031746032,21
2021_USA-MWH_60d_10,MWH,60,41.52,24.21,29,0.774281359,9,1.695421,0.774281359,1.291520179811019,0.22571864100000005,60,-1.4884660066329745,55,15,0,0,1,17,83,Atlantic,23.096666666666668,28.666666666666668,1.2531746031746032,21
2021_USA-MWH_60d_11,MWH,60,41.52,24.21,29,0.577878979,10,1.6103,0.577878979,1.7304661293104417,0.42212102100000004,60,-0.8624632264386874,70,2,0,0,5,9,91,Atlantic,23.096666666666668,28.666666666666668,1.2531746031746032,21
2021_USA-MWH_60d_12,MWH,60,41.52,24.21,29,0.733265417,10,1.837598,0.733265417,1.36376266603611,0.26673458299999997,60,-1.3215011861593569,61,17,0,0,1,11,89,Atlantic,23.096666666666668,28.666666666666668,1.2531746031746032,21
2021_USA-MWH_90d_13,MWH,90,41.52,22.39,29,0.824151733,11,2.049689,0.824151733,1.2133688008637604,0.175848267,90,-1.7381337751007546,28,9,2,0,5,11,89,Atlantic,23.096666666666668,28.666666666666668,1.2531746031746032,21
2021_USA-MWH_90d_14,MWH,90,41.52,22.39,29,0.789049094,12,2.190189,0.789049094,1.2673482646442276,0.210950906,90,-1.5561298455644113,33,12,1,0,6,6,94,Atlantic,23.096666666666668,28.666666666666668,1.2531746031746032,21
2021_USA-MWH_90d_15,MWH,90,41.52,22.39,29,0.842220231,12,2.353687,0.842220231,1.1873378995095643,0.15777976900000001,90,-1.8465550853801516,29,17,2,0,5,16,84,Atlantic,23.096666666666668,28.666666666666668,1.2531746031746032,21
2021_USA-MWH_90d_16,MWH,90,41.52,22.39,29,0.679574503,14,2.061878,0.679574503,1.4715090039215317,0.320425497,90,-1.1381054883024604,49,12,1,0,4,7.000000000000001,93,Atlantic,23.096666666666668,28.666666666666668,1.2531746031746032,21
2021_USA-MWH_90d_17,MWH,90,41.52,22.39,29,0.788420601,12,2.064557,0.788420601,1.2683585369682648,0.211579399,90,-1.5531549419606745,42,7,4,0,2,11,89,Atlantic,23.096666666666668,28.666666666666668,1.2531746031746032,21
2021_USA-MWH_90d_18,MWH,90,41.52,22.39,29,0.820848034,12,2.129385,0.820848034,1.2182522934567936,0.17915196600000005,90,-1.7195208612472912,40,10,2,0,6,7.000000000000001,93,Atlantic,23.096666666666668,28.666666666666668,1.2531746031746032,21
2021_USA-SBH_30d_01,SBH,30,34.41,18.43,33,0.995589925,11,1.720785,0.995589925,1.0044296099119323,0.004410075000000013,30,-5.423863582865272,2,0,2,0,0,65,35,Pacific,17.906666666666666,33,1.1019841269841266,20
2021_USA-SBH_30d_02,SBH,30,34.41,18.43,33,0.997042616,11,1.689931,0.997042616,1.0029661560624807,0.0029573840000000073,30,-5.82345018519709,0,0,0,0,1,76,24,Pacific,17.906666666666666,33,1.1019841269841266,20
2021_USA-SBH_30d_03,SBH,30,34.41,18.43,33,0.995147534,10,2.030809,0.995147534,1.0048761272416518,0.004852466,30,-5.3282682496432345,2,0,0,0,0,71,29,Pacific,17.906666666666666,33,1.1019841269841266,20
2021_USA-SBH_30d_04,SBH,30,34.41,18.43,33,0.997223302,9,1.160186,0.997223302,1.0027844295198791,0.002776698000000022,30,-5.8864928270213515,1,0,0,0,0,84,16,Pacific,17.906666666666666,33,1.1019841269841266,20
2021_USA-SBH_30d_05,SBH,30,34.41,18.43,33,0.998399618,10,1.875122,0.998399618,1.0016029473280508,0.0016003820000000113,30,-6.43751292823264,3,0,0,0,0,82,18,Pacific,17.906666666666666,33,1.1019841269841266,20
2021_USA-SBH_30d_06,SBH,30,34.41,18.43,33,0.99484024,9,1.769036,0.99484024,1.005186521204651,0.005159759999999958,30,-5.26686521219828,0,0,0,0,0,82,18,Pacific,17.906666666666666,33,1.1019841269841266,20
2021_USA-SBH_60d_07,SBH,60,34.41,17.88,33,0.723293886,11,1.577051,0.723293886,1.382563878052745,0.276706114,60,-1.2847992963003767,6,0,2,0,0,13,87,Pacific,17.906666666666666,33,1.1019841269841266,20
2021_USA-SBH_60d_08,SBH,60,34.41,17.88,33,0.929864407,9,1.767154,0.929864407,1.0754256131023199,0.07013559300000005,60,-2.6573248677239816,33,0,0,0,1,16,84,Pacific,17.906666666666666,33,1.1019841269841266,20
2021_USA-SBH_60d_09,SBH,60,34.41,17.88,33,0.964862669,12,2.0421,0.964862669,1.0364169245312569,0.03513733100000005,60,-3.3484911524373238,10,0,0,0,2,25,75,Pacific,17.906666666666666,33,1.1019841269841266,20
2021_USA-SBH_60d_10,SBH,60,34.41,17.88,33,0.989205633,10,1.954773,0.989205633,1.0109121568255364,0.010794367000000027,60,-4.528730854993107,1,0,0,0,6,37,63,Pacific,17.906666666666666,33,1.1019841269841266,20
2021_USA-SBH_60d_11,SBH,60,34.41,17.88,33,0.967856969,10,2.099623,0.967856969,1.0332105176999558,0.032143031000000044,60,-3.437559616958768,8,0,0,0,0,24,76,Pacific,17.906666666666666,33,1.1019841269841266,20
2021_USA-SBH_60d_12,SBH,60,34.41,17.88,33,0.974931952,12,2.110759,0.974931952,1.0257126130173237,0.025068047999999954,60,-3.6861612318297765,26,0,0,0,3,38,62,Pacific,17.906666666666666,33,1.1019841269841266,20
2021_USA-SBH_90d_13,SBH,90,34.41,17.41,33,0.623854128,12,1.81248,0.623854128,1.6029388203391035,0.37614587200000005,90,-0.9777782533814658,16,0,11,0,1,7.000000000000001,93,Pacific,17.906666666666666,33,1.1019841269841266,20
2021_USA-SBH_90d_14,SBH,90,34.41,17.41,33,0.534517387,10,1.250421,0.534517387,1.870846532444042,0.46548261300000005,90,-0.7646805341978209,1,0,1,0,0,0,100,Pacific,17.906666666666666,33,1.1019841269841266,20
2021_USA-SBH_90d_15,SBH,90,34.41,17.41,33,0.830521646,13,1.723398,0.830521646,1.204062536860117,0.169478354,90,-1.775030065331361,4,0,0,0,11,2,98,Pacific,17.906666666666666,33,1.1019841269841266,20
2021_USA-SBH_90d_16,SBH,90,34.41,17.41,33,0.652311699,14,1.796177,0.652311699,1.5330094516670627,0.34768830100000003,90,-1.056448887356361,3,0,6,0,0,2,98,Pacific,17.906666666666666,33,1.1019841269841266,20
2021_USA-SBH_90d_17,SBH,90,34.41,17.41,33,0.624563929,15,1.510882,0.624563929,1.6011171211906474,0.375436071,90,-0.9796670726050702,8,0,4,0,1,5,95,Pacific,17.906666666666666,33,1.1019841269841266,20
2021_USA-SBH_90d_18,SBH,90,34.41,17.41,33,0.522986636,13,1.30138,0.522986636,1.912094748057769,0.47701336400000005,90,-0.7402107717147697,3,0,2,0,1,3,97,Pacific,17.906666666666666,33,1.1019841269841266,20
2021_USA-SDB_30d_01,SDB,30,32.72,21,33,0.975166649,15,2.131709,0.975166649,1.025465750931357,0.024833350999999948,30,-3.695567730855592,1,7,14.000000000000002,0,0,40,60,Pacific,21.666666666666668,33,1.247222222222222,37
2021_USA-SDB_30d_02,SDB,30,32.72,21,33,0.997510855,15,2.106946,0.997510855,1.0024953563036665,0.0024891449999999704,30,-5.995816000965686,5,14,0,0,0,62,38,Pacific,21.666666666666668,33,1.247222222222222,37
2021_USA-SDB_30d_03,SDB,30,32.72,21,33,0.997133349,16,1.739656,0.997133349,1.0028748923129238,0.0028666510000000534,30,-5.854610829521979,5,33,0,0,0,46,54,Pacific,21.666666666666668,33,1.247222222222222,37
2021_USA-SDB_30d_04,SDB,30,32.72,21,33,0.983702354,19,1.902961,0.983702354,1.0165676598553712,0.016297646000000054,30,-4.116734598776496,0,27,15,0,0,28.000000000000004,72,Pacific,21.666666666666668,33,1.247222222222222,37
2021_USA-SDB_30d_05,SDB,30,32.72,21,33,0.996831905,17,1.973391,0.996831905,1.003178163724605,0.0031680950000000374,30,-5.754624818105821,2,7,0,0,0,71,29,Pacific,21.666666666666668,33,1.247222222222222,37
2021_USA-SDB_30d_06,SDB,30,32.72,21,33,0.996533645,15,2.152456,0.996533645,1.0034784124122573,0.003466355000000032,30,-5.664651669390658,4,3,6,0,0,68,32,Pacific,21.666666666666668,33,1.247222222222222,37
2021_USA-SDB_60d_07,SDB,60,32.72,22,33,0.973434018,21,2.457154,0.973434018,1.027290994056877,0.026565982000000044,60,-3.628123753829834,0,44,8,0,0,15,85,Pacific,21.666666666666668,33,1.247222222222222,37
2021_USA-SDB_60d_08,SDB,60,32.72,22,33,0.934677558,20,2.445046,0.934677558,1.0698876756384046,0.06532244200000004,60,-2.7284196263980314,2,39,14,0,2,4,96,Pacific,21.666666666666668,33,1.247222222222222,37
2021_USA-SDB_60d_09,SDB,60,32.72,22,33,0.945322487,22,2.527918,0.945322487,1.0578400638426788,0.05467751300000001,60,-2.906302750969833,3,23,17,0,2,15,85,Pacific,21.666666666666668,33,1.247222222222222,37
2021_USA-SDB_60d_10,SDB,60,32.72,22,33,0.904021757,19,2.220155,0.904021757,1.1061680675899928,0.09597824300000002,60,-2.343633748616654,13,43,16,0,0,1,99,Pacific,21.666666666666668,33,1.247222222222222,37
2021_USA-SDB_60d_11,SDB,60,32.72,22,33,0.948397154,20,2.150227,0.948397154,1.0544105871494422,0.05160284599999998,60,-2.964178452976844,1,18,20,0,2,19,81,Pacific,21.666666666666668,33,1.247222222222222,37
2021_USA-SDB_60d_12,SDB,60,32.72,22,33,0.956383339,25,1.947584,0.956383339,1.045605835255982,0.043616660999999946,60,-3.132316068593857,0,59,8,0,0,5,95,Pacific,21.666666666666668,33,1.247222222222222,37
2021_USA-SDB_90d_13,SDB,90,32.72,22,33,0.827148371,18,2.073984,0.827148371,1.2089729425339095,0.17285162899999995,90,-1.7553216883025344,2,29,45,0,4,1,99,Pacific,21.666666666666668,33,1.247222222222222,37
2021_USA-SDB_90d_14,SDB,90,32.72,22,33,0.791436199,18,1.90084,0.791436199,1.2635257286228831,0.20856380100000005,90,-1.567510284551732,5,14,63,0,1,1,99,Pacific,21.666666666666668,33,1.247222222222222,37
2021_USA-SDB_90d_15,SDB,90,32.72,22,33,0.862013268,19,2.411039,0.862013268,1.1600749514217454,0.137986732,90,-1.9805977433746884,5,37,31,0,2,1,99,Pacific,21.666666666666668,33,1.247222222222222,37
2021_USA-SDB_90d_16,SDB,90,32.72,22,33,0.829619096,17,2.028388,0.829619096,1.2053724472128111,0.17038090400000006,90,-1.7697187365944538,2,69,16,0,0,0,100,Pacific,21.666666666666668,33,1.247222222222222,37
2021_USA-SDB_90d_17,SDB,90,32.72,22,33,0.829431394,19,2.422636,0.829431394,1.2056452254325931,0.170568606,90,-1.7686176819605117,7,47,16,0,1,1,99,Pacific,21.666666666666668,33,1.247222222222222,37
2021_USA-SDB_90d_18,SDB,90,32.72,22,33,0.888047681,23,2.386268,0.888047681,1.1260656622332872,0.11195231900000002,90,-2.189682221547183,0,27,41,0,3,4,96,Pacific,21.666666666666668,33,1.247222222222222,37
2021_USA-SFB_30d_01,SFB,30,37.81,17.25,28.6,0.991643531,10,2.112565,0.991643531,1.0084268880285772,0.008356468999999977,30,-4.7847193095292475,5,28,2,0,0,61,39,Pacific,17.793333333333333,32.43333333333334,1.2424603174603173,28
2021_USA-SFB_30d_02,SFB,30,37.81,17.25,28.6,0.983805703,15,2.174421,0.983805703,1.0164608692047803,0.01619429699999997,30,-4.123096135760422,2,29,6,0,0,48,52,Pacific,17.793333333333333,32.43333333333334,1.2424603174603173,28
2021_USA-SFB_30d_03,SFB,30,37.81,17.25,28.6,0.977683475,13,1.945324,0.977683475,1.0228259202192203,0.02231652500000003,30,-3.8024278435541237,16,30,5,0,0,47,53,Pacific,17.793333333333333,32.43333333333334,1.2424603174603173,28
2021_USA-SFB_30d_04,SFB,30,37.81,17.25,28.6,0.990760123,15,1.782951,0.990760123,1.0093260485414186,0.009239876999999952,30,-4.684226705105463,8,16,0,0,0,70,30,Pacific,17.793333333333333,32.43333333333334,1.2424603174603173,28
2021_USA-SFB_30d_05,SFB,30,37.81,17.25,28.6,0.990944663,13,1.823223,0.990944663,1.0091380854432233,0.009055337000000052,30,-4.704400971332112,2,20,8,0,0,69,31,Pacific,17.793333333333333,32.43333333333334,1.2424603174603173,28
2021_USA-SFB_30d_06,SFB,30,37.81,17.25,28.6,0.941977501,16,1.940123,0.941977501,1.061596480742272,0.058022499000000005,30,-2.846924429861718,29,26,3,0,0,39,61,Pacific,17.793333333333333,32.43333333333334,1.2424603174603173,28
2021_USA-SFB_60d_07,SFB,60,37.81,17.72,29.2,NA,10,1.51757,NA,NA,NA,60,NA,54,25,17,0,0,2,98,Pacific,17.793333333333333,32.43333333333334,1.2424603174603173,28
2021_USA-SFB_60d_08,SFB,60,37.81,17.72,29.2,0.869806536,11,1.748523,0.869806536,1.149680944683083,0.13019346399999998,60,-2.0387337501604956,32,44,9,0,0,15,85,Pacific,17.793333333333333,32.43333333333334,1.2424603174603173,28
2021_USA-SFB_60d_09,SFB,60,37.81,17.72,29.2,0.840283239,10,1.338102,0.840283239,1.190074909967352,0.15971676099999998,60,-1.8343532762314108,65,17,17,0,1,0,100,Pacific,17.793333333333333,32.43333333333334,1.2424603174603173,28
2021_USA-SFB_60d_10,SFB,60,37.81,17.72,29.2,0.718576271,14,1.367958,0.718576271,1.391640721183792,0.281423729,60,-1.2678938130524362,55,15,23,0,4,1,99,Pacific,17.793333333333333,32.43333333333334,1.2424603174603173,28
2021_USA-SFB_60d_11,SFB,60,37.81,17.72,29.2,0.684286038,10,1.791657,0.684286038,1.461377179231589,0.315713962,60,-1.152918658865544,46,43,5,0,0,4,96,Pacific,17.793333333333333,32.43333333333334,1.2424603174603173,28
2021_USA-SFB_60d_12,SFB,60,37.81,17.72,29.2,0.771103868,12,1.827108,0.771103868,1.2968421525282765,0.22889613200000003,60,-1.4744869503752172,43,32,18,0,0,5,95,Pacific,17.793333333333333,32.43333333333334,1.2424603174603173,28
2021_USA-SFB_90d_13,SFB,90,37.81,18.41,39.5,0.764802715,15,1.557854,0.764802715,1.3075267391015997,0.23519728500000003,90,-1.4473306063916371,49,13,35,0,0,2,98,Pacific,17.793333333333333,32.43333333333334,1.2424603174603173,28
2021_USA-SFB_90d_14,SFB,90,37.81,18.41,39.5,0.675431523,16,1.999351,0.675431523,1.4805349853355898,0.324568477,90,-1.1252587419877567,38,41,11,0,0,7.000000000000001,93,Pacific,17.793333333333333,32.43333333333334,1.2424603174603173,28
2021_USA-SFB_90d_15,SFB,90,37.81,18.41,39.5,0.697597583,13,1.347456,0.697597583,1.4334912052010365,0.30240241700000003,90,-1.195996641983833,57,32,2,0,0,9,91,Pacific,17.793333333333333,32.43333333333334,1.2424603174603173,28
2021_USA-SFB_90d_16,SFB,90,37.81,18.41,39.5,0.666182714,12,1.490563,0.666182714,1.501089684533604,0.33381728600000005,90,-1.0971614835949253,49,44,0,0,3,2,98,Pacific,17.793333333333333,32.43333333333334,1.2424603174603173,28
2021_USA-SFB_90d_17,SFB,90,37.81,18.41,39.5,0.709643079,13,1.792635,0.709643079,1.409159096442058,0.290356921,90,-1.2366443506994176,53,19,18,0,3,5,95,Pacific,17.793333333333333,32.43333333333334,1.2424603174603173,28
2021_USA-SFB_90d_18,SFB,90,37.81,18.41,39.5,0.700045934,14,1.481937,0.700045934,1.4284776918652884,0.29995406599999996,90,-1.2041259293823126,61,20,16,0,0,2,98,Pacific,17.793333333333333,32.43333333333334,1.2424603174603173,28
2021_USA-TMA_30d_01,TMA,30,27.84,29.31,29.32,0.994443244,6,1.3880755,0.994443244,1.0055878060749337,0.0055567560000000515,30,-5.1927407942321215,0,0,0,0,0,14.000000000000002,86,Atlantic,29.866666666666667,31.806666666666665,1.2138888888888888,10
2021_USA-TMA_30d_02,TMA,30,27.84,29.31,29.32,0.997035048,6,1.2113622,0.997035048,1.002973769082589,0.0029649520000000207,30,-5.820894435533634,0,0,0,0,0,17,83,Atlantic,29.866666666666667,31.806666666666665,1.2138888888888888,10
2021_USA-TMA_30d_03,TMA,30,27.84,29.31,29.32,0.996495288,5,1.0398737,0.996495288,1.003517038206005,0.003504712000000021,30,-5.653646930202536,0,0,0,0,0,4,96,Atlantic,29.866666666666667,31.806666666666665,1.2138888888888888,10
2021_USA-TMA_30d_04,TMA,30,27.84,29.31,29.32,0.991461701,4,1.1735945,0.991461701,1.0086118293741333,0.008538299000000027,30,-4.76319347134856,0,0,0,0,0,1,99,Atlantic,29.866666666666667,31.806666666666665,1.2138888888888888,10
2021_USA-TMA_30d_05,TMA,30,27.84,29.31,29.32,0.994953069,5,1.1344489,0.994953069,1.005072531717574,0.005046930999999977,30,-5.288974943205485,0,0,0,0,0,6,94,Atlantic,29.866666666666667,31.806666666666665,1.2138888888888888,10
2021_USA-TMA_30d_06,TMA,30,27.84,29.31,29.32,0.991040764,5,0.9893925,0.991040764,1.009040229550033,0.008959236000000037,30,-4.715070323487947,0,0,0,0,0,15,85,Atlantic,29.866666666666667,31.806666666666665,1.2138888888888888,10
2021_USA-TMA_60d_07,TMA,60,27.84,29.8,29.88,0.978115417,6,1.4437574,0.978115417,1.0223742337761352,0.021884582999999957,60,-3.8219728626674887,0,0,0,0,0,31,69,Atlantic,29.866666666666667,31.806666666666665,1.2138888888888888,10
2021_USA-TMA_60d_08,TMA,60,27.84,29.8,29.88,NA,6,1.4262875,NA,NA,NA,60,NA,0,0,0,0,0,10,90,Atlantic,29.866666666666667,31.806666666666665,1.2138888888888888,10
2021_USA-TMA_60d_09,TMA,60,27.84,29.8,29.88,0.959189792,5,1.3099733,0.959189792,1.0425465411958847,0.040810208000000014,60,-3.1988230327874083,0,0,0,0,0,14.000000000000002,86,Atlantic,29.866666666666667,31.806666666666665,1.2138888888888888,10
2021_USA-TMA_60d_10,TMA,60,27.84,29.8,29.88,0.956407827,5,1.2703157,0.956407827,1.0455790634176816,0.043592172999999956,60,-3.132877663091121,0,0,0,0,0,12,88,Atlantic,29.866666666666667,31.806666666666665,1.2138888888888888,10
2021_USA-TMA_60d_11,TMA,60,27.84,29.8,29.88,0.977083784,5,1.3372275,0.977083784,1.0234536857281422,0.022916216000000045,60,-3.775910496751477,0,0,0,0,0,14.000000000000002,86,Atlantic,29.866666666666667,31.806666666666665,1.2138888888888888,10
2021_USA-TMA_60d_12,TMA,60,27.84,29.8,29.88,0.980055566,5,1.2729541,0.980055566,1.020350309402763,0.01994443400000001,60,-3.9148051720670396,0,0,0,0,0,5,95,Atlantic,29.866666666666667,31.806666666666665,1.2138888888888888,10
2021_USA-TMA_90d_13,TMA,90,27.84,30.49,36.22,0.931949344,6,1.2793368,0.931949344,1.073019694083287,0.06805065600000004,90,-2.6875029099605157,0,0,0,0,0,19,81,Atlantic,29.866666666666667,31.806666666666665,1.2138888888888888,10
2021_USA-TMA_90d_14,TMA,90,27.84,30.49,36.22,0.962230431,6,1.6602849,0.962230431,1.0392521040524023,0.03776956899999995,90,-3.2762515534957695,0,0,0,0,0,33,67,Atlantic,29.866666666666667,31.806666666666665,1.2138888888888888,10
2021_USA-TMA_90d_15,TMA,90,27.84,30.49,36.22,0.951846586,5,1.3388131,0.951846586,1.050589469677417,0.04815341399999995,90,-3.0333632398247414,0,0,0,0,0,9,91,Atlantic,29.866666666666667,31.806666666666665,1.2138888888888888,10
2021_USA-TMA_90d_16,TMA,90,27.84,30.49,36.22,0.956235098,5,1.2936679,0.956235098,1.0457679310156425,0.04376490200000005,90,-3.128923107032505,0,0,0,0,0,13,87,Atlantic,29.866666666666667,31.806666666666665,1.2138888888888888,10
2021_USA-TMA_90d_17,TMA,90,27.84,30.49,36.22,0.953567872,6,1.3336929,0.953567872,1.048693049926917,0.04643212799999996,90,-3.0697636455646564,0,0,0,0,0,13,87,Atlantic,29.866666666666667,31.806666666666665,1.2138888888888888,10
2021_USA-TMA_90d_18,TMA,90,27.84,30.49,36.22,0.955610471,5,1.3932386,0.955610471,1.046451488704962,0.04438952900000004,90,-3.1147516706903438,0,0,0,0,0,17,83,Atlantic,29.866666666666667,31.806666666666665,1.2138888888888888,10
2021_USA-VAS_30d_01,VAS,30,37.29,27.23,30.8,0.95674136,6,1.5384453,0.95674136,1.0452145603906995,0.043258640000000015,30,-3.1405582967692482,17,47,0,1,0,16,84,Atlantic,26.28333333333333,30.666666666666668,1.372222222222222,16
2021_USA-VAS_30d_02,VAS,30,37.29,27.23,30.8,0.902006753,7,1.4049148,0.902006753,1.1086391500663189,0.097993247,30,-2.322856710849107,52,28,0,0,6,6,94,Atlantic,26.28333333333333,30.666666666666668,1.372222222222222,16
2021_USA-VAS_30d_03,VAS,30,37.29,27.23,30.8,NA,8,1.6692044,NA,NA,NA,30,NA,22,32,10,0,0,23,77,Atlantic,26.28333333333333,30.666666666666668,1.372222222222222,16
2021_USA-VAS_30d_04,VAS,30,37.29,27.23,30.8,0.884460358,10,1.6045126,0.884460358,1.1306329231773211,0.115539642,30,-2.158141587127846,36,25,1,1,2,15,85,Atlantic,26.28333333333333,30.666666666666668,1.372222222222222,16
2021_USA-VAS_30d_05,VAS,30,37.29,27.23,30.8,0.927570436,5,1.003627,0.927570436,1.0780852441916335,0.072429564,30,-2.6251407203981563,72,0,1,0,19,0,100,Atlantic,26.28333333333333,30.666666666666668,1.372222222222222,16
2021_USA-VAS_30d_06,VAS,30,37.29,27.23,30.8,0.929339166,10,1.380319,0.929339166,1.076033418783084,0.070660834,30,-2.6498638341205094,53,6,2,0,3,8,92,Atlantic,26.28333333333333,30.666666666666668,1.372222222222222,16
2021_USA-VAS_60d_07,VAS,60,37.29,27.83,30.2,0.883561164,8,1.1621242,0.883561164,1.131783560373869,0.11643883600000005,60,-2.1503891567194344,17,63,6,1,6,0,100,Atlantic,26.28333333333333,30.666666666666668,1.372222222222222,16
2021_USA-VAS_60d_08,VAS,60,37.29,27.83,30.2,0.893314816,5,0.9252842,0.893314816,1.1194261889416597,0.10668518400000004,60,-2.2378729869232106,38,55.00000000000001,4,0,0,1,99,Atlantic,26.28333333333333,30.666666666666668,1.372222222222222,16
2021_USA-VAS_60d_09,VAS,60,37.29,27.83,30.2,0.833463831,9,1.1084863,0.833463831,1.1998121127826122,0.166536169,60,-1.7925427619216947,14.000000000000002,66,15,1,0,1,99,Atlantic,26.28333333333333,30.666666666666668,1.372222222222222,16
2021_USA-VAS_60d_10,VAS,60,37.29,27.83,30.2,0.765904132,7,1.1398611,0.765904132,1.3056464356559967,0.23409586800000004,60,-1.4520245552177218,17,55.00000000000001,23,1,0,1,99,Atlantic,26.28333333333333,30.666666666666668,1.372222222222222,16
2021_USA-VAS_60d_11,VAS,60,37.29,27.83,30.2,0.808147761,9,0.9035863,0.808147761,1.2373974763756106,0.19185223900000004,60,-1.6510297917813053,18,68,12,0,0,0,100,Atlantic,26.28333333333333,30.666666666666668,1.372222222222222,16
2021_USA-VAS_60d_12,VAS,60,37.29,27.83,30.2,0.90060678,6,0.9588623,0.90060678,1.1103625047104353,0.09939321999999995,60,-2.3086713769014993,32,61,1,1,0,1,99,Atlantic,26.28333333333333,30.666666666666668,1.372222222222222,16
2021_USA-VAS_90d_13,VAS,90,37.29,23.79,31,NA,7,1.245899,NA,NA,NA,90,NA,18,41,24,0,0,11,89,Atlantic,26.28333333333333,30.666666666666668,1.372222222222222,16
2021_USA-VAS_90d_14,VAS,90,37.29,23.79,31,0.775824292,9,1.1447143,0.775824292,1.288951648345654,0.22417570799999997,90,-1.495325123902108,21,72,3,0,0,2,98,Atlantic,26.28333333333333,30.666666666666668,1.372222222222222,16
2021_USA-VAS_90d_15,VAS,90,37.29,23.79,31,0.83693022,8,0.5785081,0.83693022,1.1948427432815127,0.16306978000000005,90,-1.8135770716237385,7.000000000000001,87,1,1,0,2,98,Atlantic,26.28333333333333,30.666666666666668,1.372222222222222,16
2021_USA-VAS_90d_16,VAS,90,37.29,23.79,31,NA,8,1.2881869,NA,NA,NA,90,NA,22,58,17,2,0,0,100,Atlantic,26.28333333333333,30.666666666666668,1.372222222222222,16
2021_USA-VAS_90d_17,VAS,90,37.29,23.79,31,0.705369973,8,0.7030468,0.705369973,1.4176957317121295,0.29463002699999996,90,-1.2220348555039864,11,83,5,0,0,1,99,Atlantic,26.28333333333333,30.666666666666668,1.372222222222222,16
2021_USA-VAS_90d_18,VAS,90,37.29,23.79,31,0.801780885,7,0.809228,0.801780885,1.2472235478649507,0.198219115,90,-1.6183822187496935,7.000000000000001,73,1,0,0,6,94,Atlantic,26.28333333333333,30.666666666666668,1.372222222222222,16
2021_USA-WAS_30d_01,WAS,30,48.55,11.75,29,0.998549049,1,0,0.998549049,1.0014530593178703,0.0014509510000000336,30,-6.535536075464197,0,0,0,0,0,98,2,Pacific,11.743333333333332,29.933333333333334,0.06666666666666665,6
2021_USA-WAS_30d_02,WAS,30,48.55,11.75,29,0.999358275,1,0,0.999358275,1.0006421370754148,6.417250000000374e-4,30,-7.351350694951512,0,0,0,0,0,98,2,Pacific,11.743333333333332,29.933333333333334,0.06666666666666665,6
2021_USA-WAS_30d_03,WAS,30,48.55,11.75,29,0.996378731,1,0,0.996378731,1.0036344302495956,0.003621269000000038,30,-5.6209307620874265,0,0,0,0,0,99,1,Pacific,11.743333333333332,29.933333333333334,0.06666666666666665,6
2021_USA-WAS_30d_04,WAS,30,48.55,11.75,29,0.994544244,1,0,0.994544244,1.0054856845564328,0.005455756000000034,30,-5.211084080848626,0,0,0,0,0,99,1,Pacific,11.743333333333332,29.933333333333334,0.06666666666666665,6
2021_USA-WAS_30d_05,WAS,30,48.55,11.75,29,0.997683146,2,0,0.997683146,1.0023222342777753,0.002316854000000035,30,-6.067545048033439,0,0,0,0,0,99,1,Pacific,11.743333333333332,29.933333333333334,0.06666666666666665,6
2021_USA-WAS_30d_06,WAS,30,48.55,11.75,29,0.999,1,0,0.999,1.001001001001001,0.0010000000000000009,30,-6.907755278982136,0,0,0,0,0,99,1,Pacific,11.743333333333332,29.933333333333334,0.06666666666666665,6
2021_USA-WAS_60d_07,WAS,60,48.55,12.28,30.1,0.998283327,2,0.6365142,0.998283327,1.0017196250338658,0.001716673000000002,60,-6.367367163661018,0,0,0,0,0,97,3,Pacific,11.743333333333332,29.933333333333334,0.06666666666666665,6
2021_USA-WAS_60d_08,WAS,60,48.55,12.28,30.1,0.99643987999999994,3,0.6931472,0.99643987999999994,1.0035728397382089,0.0035601200000000555,60,-5.637961026821111,0,0,0,0,0,96,4,Pacific,11.743333333333332,29.933333333333334,0.06666666666666665,6
2021_USA-WAS_60d_09,WAS,60,48.55,12.28,30.1,NA,1,0.6365142,NA,NA,NA,60,NA,0,0,0,0,0,97,3,Pacific,11.743333333333332,29.933333333333334,0.06666666666666665,6
2021_USA-WAS_60d_10,WAS,60,48.55,12.28,30.1,0.999269185,1,0,0.999269185,1.0007313494811712,7.308150000000513e-4,60,-7.2213502082194365,0,0,0,0,0,99,1,Pacific,11.743333333333332,29.933333333333334,0.06666666666666665,6
2021_USA-WAS_60d_11,WAS,60,48.55,12.28,30.1,0.996149249,2,0,0.996149249,1.0038656366040186,0.0038507509999999856,60,-5.5594870847700735,0,0,0,0,0,97,3,Pacific,11.743333333333332,29.933333333333334,0.06666666666666665,6
2021_USA-WAS_60d_12,WAS,60,48.55,12.28,30.1,NA,2,0.4505612,NA,NA,NA,60,NA,0,0,1,0,0,94,6,Pacific,11.743333333333332,29.933333333333334,0.06666666666666665,6
2021_USA-WAS_90d_13,WAS,90,48.55,11.2,30.7,0.87770535,2,0,0.87770535,1.1393345158486272,0.12229464999999995,90,-2.1013219821354623,0,0,0,0,0,88,12,Pacific,11.743333333333332,29.933333333333334,0.06666666666666665,6
2021_USA-WAS_90d_14,WAS,90,48.55,11.2,30.7,0.967341953,3,0,0.967341953,1.0337606023378993,0.03265804699999997,90,-3.4216639911457283,0,0,0,0,0,94,6,Pacific,11.743333333333332,29.933333333333334,0.06666666666666665,6
2021_USA-WAS_90d_15,WAS,90,48.55,11.2,30.7,0.996753353,2,0,0.996753353,1.0032572220501976,0.0032466469999999914,90,-5.730132507509019,0,0,0,0,0,96,4,Pacific,11.743333333333332,29.933333333333334,0.06666666666666665,6
2021_USA-WAS_90d_16,WAS,90,48.55,11.2,30.7,0.974715681,3,0,0.974715681,1.025940199273351,0.025284319000000055,90,-3.6775708777770952,0,0,0,0,0,96,4,Pacific,11.743333333333332,29.933333333333334,0.06666666666666665,6
2021_USA-WAS_90d_17,WAS,90,48.55,11.2,30.7,0.954706056,4,1.0397208,0.954706056,1.0474428162630194,0.045293943999999975,90,-3.094581941964207,0,0,1,0,0,96,4,Pacific,11.743333333333332,29.933333333333334,0.06666666666666665,6
2021_USA-WAS_90d_18,WAS,90,48.55,11.2,30.7,0.950787019,3,0,0.950787019,1.0517602575724692,0.049212981000000044,90,-3.011597848820497,0,0,0,0,0,90,10,Pacific,11.743333333333332,29.933333333333334,0.06666666666666665,6
